{"accuracy": [0.9527984857559204, 0.9599407911300659, 0.9671698808670044, 0.9692656397819519, 0.9725471138954163, 0.9721778631210327, 0.97337806224823, 0.9733588099479675, 0.9738629460334778, 0.9745050072669983, 0.9751807451248169, 0.9743324518203735, 0.9752366542816162, 0.9745811223983765, 0.9742234945297241, 0.976771354675293, 0.9746543765068054, 0.9753552079200745, 0.9750081896781921, 0.9748308062553406, 0.9751904010772705, 0.9760782122612, 0.9763134717941284, 0.9745965600013733, 0.9744625687599182, 0.9743131399154663, 0.9757485389709473, 0.9757051467895508, 0.9763163328170776], "loss": [0.49208059906959534, 0.42807522416114807, 0.4113041162490845, 0.4052707254886627, 0.40030720829963684, 0.4012202024459839, 0.398307204246521, 0.39773911237716675, 0.39710721373558044, 0.39756107330322266, 0.394239604473114, 0.3973694145679474, 0.39593416452407837, 0.39807385206222534, 0.397132009267807, 0.3970610201358795, 0.39805522561073303, 0.3969217836856842, 0.3971729576587677, 0.39972174167633057, 0.3970440626144409, 0.39636778831481934, 0.39820799231529236, 0.3979044556617737, 0.3995925188064575, 0.40197840332984924, 0.39821162819862366, 0.400016725063324, 0.39968663454055786], "val_accuracy": [0.9754371643066406, 0.983180046081543, 0.9826826453208923, 0.9759268760681152, 0.9861684441566467, 0.9842559099197388, 0.9877417087554932, 0.9772456288337708, 0.9880772233009338, 0.9882545471191406, 0.9845026731491089, 0.9887404441833496, 0.9839975237846375, 0.9871131777763367, 0.9858715534210205, 0.987263560295105, 0.9874023795127869, 0.9899473786354065, 0.9891337752342224, 0.9897314310073853, 0.9873445630073547, 0.9824821352958679, 0.9900861978530884, 0.9899820685386658, 0.9855862259864807, 0.9890373349189758, 0.9830836653709412, 0.9861916303634644, 0.9879923462867737], "val_loss": [0.38144832849502563, 0.29207465052604675, 0.3249872922897339, 0.34221649169921875, 0.292233407497406, 0.3044583201408386, 0.3161892294883728, 0.32841676473617554, 0.3041353225708008, 0.2865850329399109, 0.3033657670021057, 0.3013065457344055, 0.30903640389442444, 0.324151873588562, 0.3036254346370697, 0.29718342423439026, 0.30716636776924133, 0.31093987822532654, 0.2818353772163391, 0.2975952625274658, 0.29598984122276306, 0.3193177878856659, 0.2970353662967682, 0.30106592178344727, 0.3068086802959442, 0.3046879768371582, 0.3237636685371399, 0.32743990421295166, 0.3123830556869507]}